Simplified	Traditional	Pinyin	Meaning	MeaningES	SentenceSimplified	SentenceMeaning	SentenceMeaningES	Synonyms	SynonymsES	DictionarySimplified	DictionaryMeaning	DictionaryMeaningES
爱	愛	ài	to love	amar / querer	我爱我的家人。	I love my family.	Amo a mi familia.	喜欢 (xǐ huan) - to like	喜欢 (xǐ huan) - gustar	对人或事物有很深的感情	Deep affection for a person or thing	Sentimiento profundo de cariño hacia una persona o cosa
八	八	bā	eight	ocho	我家有八个人。	There are eight people in my family.	Hay ocho personas en mi familia.			数字8	The number 8	El número 8
爸爸	爸爸	bà ba	dad	papá	我爸爸是老师。	My dad is a teacher.	Mi papá es profesor.	父亲 (fù qīn) - father	父亲 (fù qīn) - padre	对父亲的称呼	A word for one's father	Forma de llamar al padre
吧	吧	ba	particle (suggestion)	partícula (sugerencia)	我们走吧。	Let's go.	Vámonos.			用在句尾表示建议或商量	Used at the end of a sentence to suggest something	Se usa al final de la frase para indicar sugerencia o propuesta
白天	白天	bái tiān	daytime	de día	他白天工作，晚上休息。	He works during the day and rests at night.	Él trabaja de día y descansa de noche.	日间 (rì jiān) - daytime	日间 (rì jiān) - de día	太阳出来到落下的这段时间	The period from sunrise to sunset	El periodo de tiempo entre que sale y se pone el sol
百	百	bǎi	hundred	cien	这本书一百块钱。	This book costs a hundred yuan.	Este libro cuesta cien yuanes.			数字100	The number 100	El número 100
半	半	bàn	half	medio / mitad	现在三点半。	It's half past three now.	Ahora son las tres y media.	一半 (yí bàn) - half	一半 (yí bàn) - la mitad	二分之一	One of two equal parts	Una de dos partes iguales
包子	包子	bāo zi	steamed bun	bollo relleno al vapor	这家店的包子很好吃。	The buns at this shop are delicious.	Los baozi de esta tienda están muy ricos.	饺子 (jiǎo zi) - dumpling	饺子 (jiǎo zi) - empanadilla china	一种有馅的面食	A steamed bun with filling	Un alimento de masa cocido al vapor con relleno
杯子	杯子	bēi zi	cup	vaso / taza	杯子在桌子上。	The cup is on the table.	El vaso está sobre la mesa.			用来喝水的器皿	A container for drinking	Un recipiente para beber
本	本	běn	CL: books	(clasificador para libros)	我买了一本书。	I bought a book.	Compré un libro.			用于书籍的量词	Measure word for books	Clasificador usado para libros
边	邊	biān	side	lado	她在河边跑步。	She runs by the river.	Ella corre junto al río.	旁边 (páng biān) - beside	旁边 (páng biān) - al lado	物体的旁边或界限	The side or edge of something	El lado o límite de algo
病	病	bìng	illness	enfermedad	他生病了，没来上课。	He is sick and didn't come to class.	Él está enfermo y no vino a clase.	疾病 (jí bìng) - disease	疾病 (jí bìng) - enfermedad	身体不舒服，不健康的状态	A state of poor health	Un estado de mala salud del cuerpo
不客气	不客氣	bù kè qi	you're welcome	de nada	谢谢你！不客气。	Thank you! You're welcome.	¡Gracias! De nada.			回答别人道谢时说的话	A polite reply to being thanked	Respuesta cortés cuando alguien da las gracias
不要	不要	bú yào	don't	no (imperativo)	上课的时候不要说话。	Don't talk during class.	No hables durante la clase.	别 (bié) - don't	别 (bié) - no (hagas)	表示禁止或劝阻	Used to forbid or discourage an action	Se usa para prohibir o disuadir una acción
不	不	bù	not	no	我不喜欢咖啡。	I don't like coffee.	No me gusta el café.			用于否定	Used for negation	Se usa para la negación
菜	菜	cài	dish; vegetable	plato / verdura	这道菜很好吃。	This dish is delicious.	Este plato está muy rico.			做熟的饭菜或蔬菜	Cooked food or vegetables	Comida cocinada o verduras
茶	茶	chá	tea	té	你想喝茶吗？	Would you like some tea?	¿Quieres tomar té?			一种饮料	A beverage made from tea leaves	Una bebida hecha con hojas de té
唱	唱	chàng	to sing	cantar	她很会唱歌。	She sings very well.	Ella canta muy bien.			用嗓子发出音乐性的声音	To produce musical sounds with one's voice	Producir sonidos musicales con la voz
超市	超市	chāo shì	supermarket	supermercado	我想去超市买东西。	I want to go to the supermarket to buy things.	Quiero ir al supermercado a comprar cosas.	商店 (shāng diàn) - shop	商店 (shāng diàn) - tienda	卖各种商品的大商店	A large store selling many kinds of goods	Una tienda grande que vende todo tipo de productos
车	車	chē	car; vehicle	coche / vehículo	她的车很新。	Her car is new.	Su coche es nuevo.			有轮子的交通工具	A wheeled vehicle	Un vehículo con ruedas
吃	吃	chī	to eat	comer	你吃什么？	What are you eating?	¿Qué vas a comer?			把食物放进嘴里咽下去	To put food in the mouth and swallow it	Poner comida en la boca y tragarla
出租车	出租車	chū zū chē	taxi	taxi	出租车很便宜。	The taxi is cheap.	El taxi es barato.	的士 (dí shì) - taxi	的士 (dí shì) - taxi	载客收费的汽车	A car that carries passengers for a fee	Un coche que transporta pasajeros a cambio de dinero
穿	穿	chuān	to wear	vestir / ponerse	你穿的衣服很好看。	The clothes you're wearing look nice.	La ropa que llevas puesta es muy bonita.			把衣服鞋帽等套在身上	To put on clothes, shoes, etc.	Ponerse ropa, zapatos, etc.
打电话	打電話	dǎ diàn huà	to make a phone call	llamar por teléfono	给你爸爸打电话。	Call your dad.	Llama a tu papá.			用电话联系别人	To contact someone by telephone	Contactar a alguien por teléfono
大	大	dà	big	grande	这家商店很大。	This shop is very big.	Esta tienda es muy grande.	巨大 (jù dà) - huge	巨大 (jù dà) - enorme	体积、面积等超过一般标准	Larger than average in size	Que supera el tamaño o volumen habitual
大家	大家	dà jiā	everyone	todos	大家都喜欢这只小猫。	Everyone likes this kitten.	A todos les gusta este gatito.	大伙儿 (dà huǒr) - everybody	大伙儿 (dà huǒr) - todo el mundo	指一定范围内所有的人	All the people in a group	Todas las personas dentro de un grupo determinado
大学	大學	dà xué	university	universidad	我今年上大学。	I'm starting university this year.	Este año empiezo la universidad.			中学以后的高等学校	A higher education institution after secondary school	Institución de educación superior después de la secundaria
大学生	大學生	dà xué shēng	university student	estudiante universitario	我们都是大学生。	We are all university students.	Todos somos estudiantes universitarios.			在大学学习的学生	A student studying at a university	Un estudiante que estudia en la universidad
到	到	dào	to arrive	llegar	他还没到。	He hasn't arrived yet.	Él todavía no ha llegado.	抵达 (dǐ dá) - to arrive	抵达 (dǐ dá) - llegar	到达某个地方或时间	To reach a place or point in time	Llegar a un lugar o momento determinado
的	的	de	possessive particle	partícula posesiva	这是我的电脑。	This is my computer.	Este es mi ordenador.			用在名词前表示所属关系	Used before a noun to show possession	Se usa antes de un sustantivo para indicar posesión
第	第	dì	ordinal prefix	prefijo ordinal	他是第一名。	He is number one.	Él es el número uno.			用在数字前表示次序	Placed before a number to show order	Se coloca antes de un número para indicar orden
弟弟	弟弟	dì di	younger brother	hermano menor	他是我弟弟。	He is my younger brother.	Él es mi hermano menor.	兄弟 (xiōng dì) - brother	兄弟 (xiōng dì) - hermano	比自己小的男性兄弟	One's younger male sibling	El hermano varón menor que uno mismo
点	點	diǎn	o'clock; a little	en punto / un poco	现在是八点。	It's eight o'clock now.	Ahora son las ocho.	一点儿 (yì diǎnr) - a bit	一点儿 (yì diǎnr) - un poco	表示时间的单位，也指少量	Used for telling time; also means a small amount	Unidad para decir la hora; también indica una pequeña cantidad
店	店	diàn	shop (suffix)	tienda (sufijo)	这是一家书店。	This is a bookstore.	Esto es una librería.	商店 (shāng diàn) - shop	商店 (shāng diàn) - tienda	卖东西的地方	A place where goods are sold	Un lugar donde se venden cosas
电话	電話	diàn huà	telephone	teléfono	他的电话号码是多少？	What's his phone number?	¿Cuál es su número de teléfono?			用来通话的工具	A device used to make calls	Un aparato usado para hablar a distancia
电脑	電腦	diàn nǎo	computer	ordenador	我用电脑学习。	I use a computer to study.	Estudio usando el ordenador.			处理信息的电子设备	An electronic device for processing information	Un dispositivo electrónico para procesar información
电视	電視	diàn shì	TV	televisión	我们晚上看电视。	We watch TV in the evening.	Por la noche vemos la televisión.			播放节目的电器	An electronic device for watching programs	Un aparato eléctrico para ver programas
电影	電影	diàn yǐng	movie	película	这部电影很好看。	This movie is very good.	Esta película es muy buena.			在银幕上放映的影像作品	A film shown on a screen	Una obra audiovisual proyectada en pantalla
电影院	電影院	diàn yǐng yuàn	cinema	cine	我们去电影院看电影。	Let's go to the cinema to watch a movie.	Vamos al cine a ver una película.			放映电影的场所	A place where movies are shown	Un lugar donde se proyectan películas
东西	東西	dōng xi	thing	cosa	这是什么东西？	What is this thing?	¿Qué es esta cosa?			泛指各种物品	A general word for objects	Palabra general para referirse a objetos
都	都	dōu	all	todos / ambos	我们都是学生。	We are all students.	Todos somos estudiantes.			表示总括	"Indicates inclusiveness, ""all"""	"Indica totalidad, ""todos"""
读	讀	dú	to read	leer	他喜欢读书。	He likes reading books.	A él le gusta leer libros.			看着文字念出声或理解意思	To look at and understand or speak written text	Mirar un texto y pronunciarlo o comprender su significado
读书	讀書	dú shū	to study	estudiar	他每天在家读书。	He studies at home every day.	Él estudia en casa todos los días.	学习 (xué xí) - to study	学习 (xué xí) - estudiar	看书学习	To read and study	Leer y estudiar
对	對	duì	correct	correcto	你说得对。	What you said is correct.	Lo que dijiste es correcto.			符合事实或标准	In accordance with facts or standards	Que concuerda con los hechos o la norma
对不起	對不起	duì bu qǐ	sorry	lo siento	对不起，我来晚了。	Sorry, I'm late.	Lo siento, llego tarde.			表示道歉	An expression of apology	Expresión de disculpa
多	多	duō	much; many	mucho	这里的人很多。	There are many people here.	Aquí hay mucha gente.	许多 (xǔ duō) - many	许多 (xǔ duō) - muchos	数量大	A large quantity	Una gran cantidad
多少	多少	duō shao	how much/many	cuánto/s	这个多少钱？	How much is this?	¿Cuánto cuesta esto?			用于询问数量	Used to ask about quantity	Se usa para preguntar por la cantidad
儿子	兒子	ér zi	son	hijo	他有一个儿子。	He has a son.	Él tiene un hijo.	男孩 (nán hái) - boy	男孩 (nán hái) - chico	男性子女	One's male child	El hijo varón de alguien
二	二	èr	two	dos	我有二十块钱。	I have twenty yuan.	Tengo veinte yuanes.	两 (liǎng) - two	两 (liǎng) - dos	数字2	The number 2	El número 2
饭	飯	fàn	meal; rice	comida / arroz	我们一起吃饭吧。	Let's eat together.	Comamos juntos.			煮熟的米或一顿食物	Cooked rice or a meal	Arroz cocido o una comida
饭店	飯店	fàn diàn	restaurant	restaurante	这家饭店的菜很好吃。	The food at this restaurant is delicious.	La comida de este restaurante está muy rica.	餐厅 (cān tīng) - restaurant	餐厅 (cān tīng) - restaurante	供应饭菜的地方	A place that serves meals	Un lugar donde se sirven comidas
房间	房間	fáng jiān	room	habitación	我的房间很大。	My room is big.	Mi habitación es grande.			房子内隔开的一间空间	A separated space inside a house	Un espacio separado dentro de una casa
非常	非常	fēi cháng	very	muy	今天非常热。	It's very hot today.	Hoy hace mucho calor.	很 (hěn) - very	很 (hěn) - muy	表示程度很高	Indicates a high degree	Indica un grado muy alto
飞机	飛機	fēi jī	airplane	avión	我们坐飞机去北京。	We're flying to Beijing.	Vamos a Pekín en avión.			在空中飞行的交通工具	A vehicle that flies in the air	Un vehículo que vuela por el aire
分	分	fēn	minute; to divide	minuto / dividir	现在三点十分。	It's ten past three now.	Ahora son las tres y diez.			时间单位，也指分开	A unit of time; also means to divide	Unidad de tiempo; también significa dividir
分钟	分鐘	fēn zhōng	minute	minuto	休息十分钟。	Take a ten-minute break.	Descansa diez minutos.			计时单位，六十秒	A unit of time equal to sixty seconds	Unidad de tiempo equivalente a sesenta segundos
高兴	高興	gāo xìng	happy	contento / feliz	认识你我很高兴。	I'm happy to meet you.	Me alegro de conocerte.	开心 (kāi xīn) - happy	开心 (kāi xīn) - feliz	心情愉快	A cheerful state of mind	Un estado de ánimo alegre
歌	歌	gē	song	canción	她唱了一首歌。	She sang a song.	Ella cantó una canción.			可以唱的音乐作品	A piece of music that can be sung	Una obra musical que se puede cantar
哥哥	哥哥	gē ge	older brother	hermano mayor	我哥哥在北京工作。	My older brother works in Beijing.	Mi hermano mayor trabaja en Pekín.	兄弟 (xiōng dì) - brother	兄弟 (xiōng dì) - hermano	比自己大的男性兄弟	One's elder male sibling	El hermano varón mayor que uno mismo
个	個	gè	measure word	(clasificador general)	我有三个苹果。	I have three apples.	Tengo tres manzanas.			用于人或事物的通用量词	A general measure word for people or things	Clasificador general para personas o cosas
给	給	gěi	to give	dar	妈妈给我一本书。	Mom gave me a book.	Mamá me dio un libro.			使别人得到某物	To let someone have something	Hacer que otra persona reciba algo
公司	公司	gōng sī	company	empresa	他在一家公司工作。	He works at a company.	Él trabaja en una empresa.			从事生产经营活动的组织	An organization engaged in business	Una organización dedicada a la actividad empresarial
工作	工作	gōng zuò	work; job	trabajo / trabajar	他每天都要工作。	He has to work every day.	Él tiene que trabajar todos los días.			从事的职业或劳动	One's job or labor	La profesión o labor que uno realiza
狗	狗	gǒu	dog	perro	这只狗很可爱。	This dog is very cute.	Este perro es muy simpático.			一种常见的宠物动物	A common pet animal	Un animal de compañía muy común
贵	貴	guì	expensive	caro	这件衣服太贵了。	This piece of clothing is too expensive.	Esta prenda es demasiado cara.	便宜 (pián yi) - cheap（反义）	便宜 (pián yi) - barato (antónimo)	价钱高	High in price	De precio alto
国	國	guó	country	país	中国是一个大国。	China is a large country.	China es un país grande.	国家 (guó jiā) - nation	国家 (guó jiā) - nación	一个独立的政治地区	An independent political territory	Una región política independiente
还	還	hái	still; also	todavía / también	他还没起床。	He hasn't gotten up yet.	Él todavía no se ha levantado.			表示动作或状态持续	Indicates continuation of an action or state	Indica que una acción o estado continúa
孩子	孩子	hái zi	child	niño/a	她有两个孩子。	She has two children.	Ella tiene dos hijos.	小孩 (xiǎo hái) - kid	小孩 (xiǎo hái) - niño	年龄小的人	A young person	Una persona de corta edad
汉语	漢語	hàn yǔ	Chinese language	idioma chino	我在学汉语。	I'm learning Chinese.	Estoy aprendiendo chino.	中文 (zhōng wén) - Chinese	中文 (zhōng wén) - chino	汉族的语言	The language of the Han Chinese people	La lengua del pueblo han
汉字	漢字	hàn zì	Chinese character	carácter chino	这个汉字很难写。	This Chinese character is hard to write.	Este carácter chino es difícil de escribir.			记录汉语的文字符号	The written symbols used for Chinese	Los símbolos escritos que se usan para el chino
好	好	hǎo	good	bueno	今天天气很好。	The weather is nice today.	Hoy hace muy buen tiempo.	不错 (bú cuò) - good	不错 (bú cuò) - bueno	令人满意的	Satisfactory or pleasing	Que resulta satisfactorio o agradable
好吃	好吃	hǎo chī	tasty	rico / sabroso	这个苹果很好吃。	This apple is delicious.	Esta manzana está muy rica.	美味 (měi wèi) - delicious	美味 (měi wèi) - delicioso	食物味道好	Food that tastes good	Comida que tiene buen sabor
好看	好看	hǎo kàn	good-looking	bonito / atractivo	这部电影很好看。	This movie is very good.	Esta película es muy buena.	漂亮 (piào liang) - pretty	漂亮 (piào liang) - bonito	看起来令人喜欢	Pleasant to look at	Que resulta agradable a la vista
好听	好聽	hǎo tīng	nice (sound)	agradable de oír	这首歌很好听。	This song sounds very nice.	Esta canción suena muy bien.			声音悦耳	Pleasant to listen to	Que suena agradable al oído
好玩儿	好玩兒	hǎo wánr	fun	divertido	这个游戏很好玩儿。	This game is very fun.	Este juego es muy divertido.	有意思 (yǒu yì si) - interesting	有意思 (yǒu yì si) - interesante	使人感到有趣	Something that is enjoyable	Algo que resulta entretenido
号	號	hào	number; day	número / día (del mes)	今天几号？	What's the date today?	¿Qué día es hoy?			表示日期或编号	Used for dates or numbering	Se usa para fechas o numeración
喝	喝	hē	to drink	beber	你想喝点茶吗？	Would you like some tea?	¿Quieres tomar té?			把液体咽下去	To swallow a liquid	Tragar un líquido
和	和	hé	and; with	y / con	我和我朋友去看电影。	My friend and I are going to a movie.	Mi amigo y yo vamos al cine.	跟 (gēn) - with	跟 (gēn) - con	表示并列关系	Indicates a connection between two things	Indica una relación de conjunto entre dos elementos
很	很	hěn	very	muy	他很高。	He is very tall.	Él es muy alto.	非常 (fēi cháng) - very	非常 (fēi cháng) - muy	表示程度深	Indicates a high degree	Indica un grado alto
后	後	hòu	behind; after	detrás / después	下课后我们去吃饭。	After class, we'll go eat.	Después de clase iremos a comer.			时间或位置在后面	Later in time or position at the back	Posterior en el tiempo o situado en la parte de atrás
回	回	huí	to return	volver / regresar	他回家了。	He went home.	Él se fue a casa.			从别处到原来的地方	To go back to the original place	Ir de un lugar al lugar de origen
会	會	huì	can; will	saber (hacer algo) / poder	我会说中文。	I can speak Chinese.	Sé hablar chino.	能 (néng) - can	能 (néng) - poder	表示有能力做某事，或表示将来	Indicates ability, or a future event	Indica capacidad para hacer algo, o un hecho futuro
火车	火車	huǒ chē	train	tren	我们坐火车去上海。	We're taking the train to Shanghai.	Vamos a Shanghái en tren.			在铁轨上行驶的交通工具	A vehicle that runs on rails	Un vehículo que circula sobre raíles
鸡蛋	雞蛋	jī dàn	egg	huevo	我早上吃了一个鸡蛋。	I ate an egg this morning.	Esta mañana comí un huevo.			鸡下的蛋	An egg laid by a chicken	Un huevo puesto por una gallina
几	幾	jǐ	how many; a few	cuántos / algunos	你家有几个人？	How many people are in your family?	¿Cuántas personas hay en tu familia?			用于询问数量或表示少量	"Used to ask ""how many"" or indicate a small number"	"Se usa para preguntar ""cuántos"" o indicar una pequeña cantidad"
家	家	jiā	home; family	casa / familia	我家在北京。	My home is in Beijing.	Mi casa está en Pekín.	家庭 (jiā tíng) - family	家庭 (jiā tíng) - familia	共同生活的亲属和居住处	One's household and residence	El hogar y los familiares con los que se convive
家人	家人	jiā rén	family member	familiar	我很爱我的家人。	I love my family very much.	Quiero mucho a mi familia.	家庭 (jiā tíng) - family	家庭 (jiā tíng) - familia	同一家庭里的成员	Members of the same family	Los miembros de una misma familia
见	見	jiàn	to see	ver	明天见！	See you tomorrow!	¡Hasta mañana!	看见 (kàn jiàn) - to see	看见 (kàn jiàn) - ver	看到，遇到	To see or meet	Ver o encontrarse con alguien
件	件	jiàn	CL: items	(clasificador: ropa, asuntos)	我买了一件衣服。	I bought a piece of clothing.	Compré una prenda de ropa.			用于衣服、事情等的量词	Measure word for clothes, matters, etc.	Clasificador para ropa, asuntos, etc.
饺子	餃子	jiǎo zi	dumpling	empanadilla china (jiaozi)	妈妈包的饺子很好吃。	The dumplings mom made are delicious.	Las empanadillas que hace mamá están muy ricas.	包子 (bāo zi) - steamed bun	包子 (bāo zi) - bollo al vapor	一种有馅的传统食品	A traditional filled food	Un alimento tradicional relleno
叫	叫	jiào	to be called	llamarse	你叫什么名字？	What is your name?	¿Cómo te llamas?			起名，或大声呼喊	To be named, or to shout	Tener por nombre, o gritar
姐姐	姐姐	jiě jie	older sister	hermana mayor	我姐姐是医生。	My older sister is a doctor.	Mi hermana mayor es médica.	姐妹 (jiě mèi) - sisters	姐妹 (jiě mèi) - hermanas	比自己大的女性姐妹	One's elder female sibling	La hermana mayor que uno mismo
今年	今年	jīn nián	this year	este año	今年我二十岁。	I'm twenty years old this year.	Este año cumplo veinte años.			现在的这一年	The current year	El año actual
今天	今天	jīn tiān	today	hoy	今天天气很好。	The weather is nice today.	Hoy hace muy buen tiempo.			现在的这一天	The current day	El día actual
九	九	jiǔ	nine	nueve	现在九点了。	It's nine o'clock now.	Ya son las nueve.			数字9	The number 9	El número 9
觉得	覺得	jué de	to feel; to think	sentir / pensar	我觉得这本书很好。	I think this book is very good.	Creo que este libro es muy bueno.	认为 (rèn wéi) - to think	认为 (rèn wéi) - considerar	对事物的看法或感受	One's opinion or feeling about something	La opinión o sensación de alguien sobre algo
开	開	kāi	to open; to drive	abrir / conducir	请开门。	Please open the door.	Abre la puerta, por favor.			使关闭的东西变成打开状态	To make something that was closed become open	Hacer que algo cerrado pase a estar abierto
开车	開車	kāi chē	to drive	conducir	他每天开车上班。	He drives to work every day.	Él conduce al trabajo todos los días.			驾驶车辆	To operate a vehicle	Manejar un vehículo
看	看	kàn	to look; to watch	mirar / ver	你在看什么？	What are you looking at?	¿Qué estás mirando?			用眼睛感受事物	To perceive something with the eyes	Percibir algo con los ojos
看病	看病	kàn bìng	to see a doctor	ir al médico	他去医院看病。	He went to the hospital to see a doctor.	Él fue al hospital a que lo viera un médico.			因生病去医院请医生检查治疗	To go to a doctor for illness	Ir al hospital para que un médico examine y trate una enfermedad
看见	看見	kàn jiàn	to see	ver	我看见他了。	I saw him.	Lo vi.	见 (jiàn) - to see	见 (jiàn) - ver	看到，感知到	To perceive with the eyes	Percibir con los ojos
可以	可以	kě yǐ	can; may	poder / se puede	我可以进来吗？	May I come in?	¿Puedo entrar?	能 (néng) - can	能 (néng) - poder	表示许可或能够	Indicates permission or ability	Indica permiso o capacidad
课	課	kè	lesson; class	clase / lección	我们今天有汉语课。	We have a Chinese class today.	Hoy tenemos clase de chino.			教学的科目或单元	A subject or unit of teaching	Una asignatura o unidad de enseñanza
口	口	kǒu	mouth	boca	他的口很大。	His mouth is big.	Tiene la boca grande.			人或动物用来吃东西说话的器官	The organ used for eating and speaking	El órgano usado para comer y hablar
块	塊	kuài	piece; yuan	trozo / yuan	这个蛋糕十块钱。	This cake costs ten yuan.	Este pastel cuesta diez yuanes.	元 (yuán) - yuan	元 (yuán) - yuan	口语中的货币单位，也指块状物	Colloquial unit of currency; also a piece/chunk	Unidad coloquial de moneda; también un trozo
来	來	lái	to come	venir	他明天来我家。	He'll come to my house tomorrow.	Él vendrá mañana a mi casa.			从别处到说话人所在的地方	To move toward the speaker's location	Moverse hacia el lugar donde está quien habla
老师	老師	lǎo shī	teacher	profesor/a	她是我的汉语老师。	She is my Chinese teacher.	Ella es mi profesora de chino.	教师 (jiào shī) - teacher	教师 (jiào shī) - docente	教学生知识的人	A person who teaches students	Una persona que enseña a los estudiantes
了	了	le	particle (completed action)	partícula (acción completada)	我吃饭了。	I have eaten.	Ya he comido.			表示动作完成或变化	Indicates a completed action or a change	Indica que una acción se ha completado o un cambio
冷	冷	lěng	cold	frío	今天很冷。	It's cold today.	Hoy hace frío.	凉 (liáng) - cool	凉 (liáng) - fresco	温度低	Low in temperature	De temperatura baja
里	裡	lǐ	inside	dentro	书在包里。	The book is in the bag.	El libro está en la bolsa.			"内部，与""外""相对"	"The inner part, opposite of ""outside"""	"La parte interior, opuesto a ""fuera"""
两	兩	liǎng	two	dos	我有两本书。	I have two books.	Tengo dos libros.	二 (èr) - two	二 (èr) - dos	数字2，多用于量词前	The number two, used before a measure word	El número 2, se usa antes de un clasificador
零	零	líng	zero	cero	现在是零度。	It's zero degrees now.	Ahora estamos a cero grados.			数字0	The number 0	El número 0
六	六	liù	six	seis	现在六点了。	It's six o'clock.	Ya son las seis.			数字6	The number 6	El número 6
妈妈	媽媽	mā ma	mom	mamá	我妈妈是医生。	My mom is a doctor.	Mi mamá es médica.	母亲 (mǔ qīn) - mother	母亲 (mǔ qīn) - madre	对母亲的称呼	A word for one's mother	Forma de llamar a la madre
吗	嗎	ma	question particle	partícula interrogativa	你是学生吗？	Are you a student?	¿Eres estudiante?			用于是非问句句末	Used at the end of a yes/no question	Se usa al final de una pregunta de sí o no
买	買	mǎi	to buy	comprar	我要买一件衣服。	I want to buy a piece of clothing.	Quiero comprar una prenda de ropa.			用钱换取东西	To acquire something with money	Adquirir algo a cambio de dinero
卖	賣	mài	to sell	vender	这家店卖水果。	This shop sells fruit.	Esta tienda vende fruta.			用东西换取钱	To exchange goods for money	Intercambiar mercancía por dinero
忙	忙	máng	busy	ocupado	他最近很忙。	He has been busy recently.	Últimamente ha estado muy ocupado.			事情多，没有空闲	Having a lot to do, no free time	Tener mucho que hacer, sin tiempo libre
猫	貓	māo	cat	gato	这只猫很漂亮。	This cat is very pretty.	Este gato es muy bonito.	狗 (gǒu) - dog	狗 (gǒu) - perro	一种常见的宠物动物	A common pet animal	Un animal de compañía muy común
没	沒	méi	not (have)	no (haber/tener)	我没时间。	I don't have time.	No tengo tiempo.	不 (bù) - not	不 (bù) - no	"用于否定过去或""有""字"	"Used to negate the past or the word ""have"""	"Se usa para negar el pasado o la palabra ""tener"""
没关系	沒關係	méi guān xi	never mind	no pasa nada	对不起。没关系。	Sorry. Never mind.	Lo siento. No pasa nada.			表示不要紧，不用在意	Used to say something doesn't matter	Se usa para decir que algo no importa
没事	沒事	méi shì	it's nothing	no es nada	你没事吧？没事。	Are you okay? I'm fine.	¿Estás bien? No es nada.	没关系 (méi guān xi) - never mind	没关系 (méi guān xi) - no pasa nada	表示没有问题或不要紧	Indicates there's no problem	Indica que no hay ningún problema
没有	沒有	méi yǒu	don't have	no tener	我没有钱。	I don't have money.	No tengo dinero.			表示不具有或不存在	Indicates the absence of something	Indica la ausencia de algo
妹妹	妹妹	mèi mei	younger sister	hermana menor	我妹妹在上学。	My younger sister is at school.	Mi hermana menor está en el colegio.	姐妹 (jiě mèi) - sisters	姐妹 (jiě mèi) - hermanas	比自己小的女性姐妹	One's younger female sibling	La hermana menor que uno mismo
们	們	men	plural marker	marcador de plural	老师们都很好。	The teachers are all nice.	Los profesores son todos muy buenos.			加在代词或名词后表示复数	Added after a pronoun/noun to show plural	Se añade tras un pronombre o sustantivo para indicar plural
米饭	米飯	mǐ fàn	cooked rice	arroz cocido	中午我吃米饭。	I'm eating rice for lunch.	Al mediodía como arroz.			煮熟的稻米	Steamed/cooked rice	Arroz cocinado al vapor o hervido
面包	麵包	miàn bāo	bread	pan	早上我吃面包。	I eat bread in the morning.	Por la mañana como pan.			用面粉烤制的食物	Food baked from flour	Alimento horneado hecho de harina
面条儿	麵條兒	miàn tiáor	noodles	fideos	我喜欢吃面条儿。	I like eating noodles.	Me gusta comer fideos.			用面粉做的条状食品	Long thin food made from flour	Alimento alargado hecho de harina
明年	明年	míng nián	next year	el año que viene	明年我要去中国。	Next year I'm going to China.	El año que viene iré a China.			今年的下一年	The year after this one	El año siguiente a este
明天	明天	míng tiān	tomorrow	mañana	明天见。	See you tomorrow.	Hasta mañana.			今天的下一天	The day after today	El día siguiente a hoy
名字	名字	míng zi	name	nombre	你叫什么名字？	What is your name?	¿Cómo te llamas?	姓名 (xìng míng) - full name	姓名 (xìng míng) - nombre completo	用来称呼人或事物的词	The word used to refer to a person or thing	La palabra usada para referirse a una persona o cosa
哪	哪	nǎ	which	cuál	你是哪国人？	Which country are you from?	¿De qué país eres?			用于询问选择	Used to ask about a choice	Se usa para preguntar por una elección
哪个	哪個	nǎ ge	which one	cuál (de ellos)	你要哪个？	Which one do you want?	¿Cuál quieres?			用于询问具体的一个	Used to ask about a specific one	Se usa para preguntar por uno concreto
哪里	哪裡	nǎ lǐ	where	dónde	你在哪里？	Where are you?	¿Dónde estás?	哪儿 (nǎr) - where	哪儿 (nǎr) - dónde	用于询问地点	Used to ask about a location	Se usa para preguntar por un lugar
哪儿	哪兒	nǎr	where	dónde	你去哪儿？	Where are you going?	¿A dónde vas?	哪里 (nǎ lǐ) - where	哪里 (nǎ lǐ) - dónde	用于询问地点，口语常用	Used to ask about a location, colloquial	Se usa para preguntar por un lugar, coloquial
哪些	哪些	nǎ xiē	which ones	cuáles	你喜欢哪些书？	Which books do you like?	¿Qué libros te gustan?			用于询问多个选择	Used to ask about multiple choices	Se usa para preguntar por varias opciones
那	那	nà	that	ese/esa/eso	那是我的书。	That is my book.	Ese es mi libro.	那个 (nà ge) - that one	那个 (nà ge) - ese	指较远的事物	Refers to something farther away	Señala algo que está más lejos
那边	那邊	nà bian	over there	allí / por allá	他在那边。	He is over there.	Él está allí.	那里 (nà lǐ) - there	那里 (nà lǐ) - allí	指较远的方位	Refers to a distant location	Señala una posición lejana
那个	那個	nà ge	that one	ese/esa (concreto)	那个人是谁？	Who is that person?	¿Quién es esa persona?	那 (nà) - that	那 (nà) - ese	指较远的具体事物	A specific thing that is farther away	Un objeto concreto que está más lejos
那里	那裡	nà lǐ	there	allí	书在那里。	The book is there.	El libro está allí.	那儿 (nàr) - there	那儿 (nàr) - allí	指较远的地点	A place that is farther away	Un lugar que está más lejos
那儿	那兒	nàr	there	allí	他住在那儿。	He lives there.	Él vive allí.	那里 (nà lǐ) - there	那里 (nà lǐ) - allí	指较远的地点，口语常用	A place farther away, colloquial	Un lugar más lejano, coloquial
那些	那些	nà xiē	those	esos/esas	那些人是我的同学。	Those people are my classmates.	Esas personas son mis compañeros de clase.			指较远的多个事物	Refers to several distant things	Señala varias cosas lejanas
男	男	nán	male	hombre / masculino	他是男的。	He is male.	Él es hombre.	女 (nǚ) - female（反义）	女 (nǚ) - mujer (antónimo)	性别为男性	Belonging to the male sex	Que pertenece al sexo masculino
男朋友	男朋友	nán péng you	boyfriend	novio	她的男朋友很高。	Her boyfriend is very tall.	Su novio es muy alto.			恋爱关系中的男性	The male partner in a relationship	La pareja masculina en una relación
呢	呢	ne	particle (question)	partícula (pregunta)	我很好，你呢？	I'm good, and you?	Yo estoy bien, ¿y tú?			用于疑问句，询问对方情况	Used in questions to ask about someone/something	Se usa en preguntas para preguntar por algo o alguien
能	能	néng	can; be able to	poder	我能帮你。	I can help you.	Puedo ayudarte.	会 (huì) - can	会 (huì) - saber/poder	表示有能力或可能性	Indicates ability or possibility	Indica capacidad o posibilidad
你	你	nǐ	you	tú	你叫什么名字？	What's your name?	¿Cómo te llamas?			称呼对方	Used to address the listener	Se usa para dirigirse al interlocutor
你好	你好	nǐ hǎo	hello	hola	你好，很高兴认识你。	Hello, nice to meet you.	Hola, encantado de conocerte.			见面时的问候语	A greeting used when meeting someone	Un saludo que se usa al conocer a alguien
你们	你們	nǐ men	you (plural)	vosotros/ustedes	你们是学生吗？	Are you (all) students?	¿Sois estudiantes?			称呼对方多人	Used to address multiple listeners	Se usa para dirigirse a varios interlocutores
年	年	nián	year	año	一年有十二个月。	A year has twelve months.	Un año tiene doce meses.			时间单位，十二个月	A unit of time equal to twelve months	Unidad de tiempo equivalente a doce meses
您	您	nín	you (polite)	usted	您好，请问怎么走？	Hello, excuse me, how do I get there?	Buenos días, ¿por dónde se va?	你 (nǐ) - you	你 (nǐ) - tú	对对方的尊称	"A polite form of ""you"""	"Forma respetuosa de decir ""tú"""
牛奶	牛奶	niú nǎi	milk	leche	我早上喝牛奶。	I drink milk in the morning.	Por la mañana bebo leche.			牛产的奶	Milk produced by cows	La leche producida por las vacas
女	女	nǚ	female	mujer / femenino	她是女的。	She is female.	Ella es mujer.	男 (nán) - male（反义）	男 (nán) - hombre (antónimo)	性别为女性	Belonging to the female sex	Que pertenece al sexo femenino
女儿	女兒	nǚ ér	daughter	hija	他有一个女儿。	He has a daughter.	Él tiene una hija.	女孩 (nǚ hái) - girl	女孩 (nǚ hái) - chica	女性子女	One's female child	La hija de alguien
女朋友	女朋友	nǚ péng you	girlfriend	novia	他的女朋友很漂亮。	His girlfriend is very pretty.	Su novia es muy guapa.			恋爱关系中的女性	The female partner in a relationship	La pareja femenina en una relación
女士	女士	nǚ shì	lady; Ms.	señora	这位女士是老师。	This lady is a teacher.	Esta señora es profesora.	小姐 (xiǎo jiě) - miss	小姐 (xiǎo jiě) - señorita	对女性的尊称	A polite term for a woman	Un tratamiento respetuoso para una mujer
朋友	朋友	péng you	friend	amigo/a	他是我的好朋友。	He is my good friend.	Él es mi buen amigo.	同学 (tóng xué) - classmate	同学 (tóng xué) - compañero de clase	关系亲近、互相信任的人	A close and trusted person	Una persona cercana y de confianza
便宜	便宜	pián yi	cheap	barato	这件衣服很便宜。	This piece of clothing is cheap.	Esta prenda es barata.	贵 (guì) - expensive（反义）	贵 (guì) - caro (antónimo)	价钱低	Low in price	De precio bajo
漂亮	漂亮	piào liang	pretty	guapo/a / bonito	她很漂亮。	She is very pretty.	Ella es muy guapa.	好看 (hǎo kàn) - good-looking	好看 (hǎo kàn) - bonito	外表好看	Good-looking in appearance	De aspecto atractivo
苹果	蘋果	píng guǒ	apple	manzana	我喜欢吃苹果。	I like eating apples.	Me gusta comer manzanas.			一种常见的水果	A common type of fruit	Un tipo de fruta muy común
七	七	qī	seven	siete	现在七点了。	It's seven o'clock.	Ya son las siete.			数字7	The number 7	El número 7
起床	起床	qǐ chuáng	to get up	levantarse	我每天七点起床。	I get up at seven every day.	Me levanto todos los días a las siete.			睡醒后离开床	To get out of bed after waking up	Salir de la cama al despertarse
千	千	qiān	thousand	mil	这本书一千块。	This book costs a thousand yuan.	Este libro cuesta mil yuanes.			数字1000	The number 1000	El número 1000
前	前	qián	in front; before	delante / antes	她在我前面。	She is in front of me.	Ella está delante de mí.	以前 (yǐ qián) - before	以前 (yǐ qián) - antes	方位或时间靠前	A position ahead, or an earlier time	Una posición delantera, o un momento anterior
钱	錢	qián	money	dinero	你有多少钱？	How much money do you have?	¿Cuánto dinero tienes?			用于买卖交换的东西	The medium used for buying and selling	Lo que se usa para comprar y vender
请	請	qǐng	please	por favor	请坐。	Please sit down.	Siéntese, por favor.			用于礼貌地请求	Used to make a polite request	Se usa para hacer una petición cortés
请问	請問	qǐng wèn	excuse me	disculpe (para preguntar)	请问，洗手间在哪里？	Excuse me, where is the restroom?	Disculpe, ¿dónde está el baño?			礼貌地询问对方	A polite way to ask a question	Manera cortés de hacer una pregunta
去	去	qù	to go	ir	我们去公园吧。	Let's go to the park.	Vamos al parque.			从这里到另一个地方	To move from here to another place	Moverse de aquí a otro lugar
去年	去年	qù nián	last year	el año pasado	去年我在中国。	Last year I was in China.	El año pasado estuve en China.			今年的上一年	The year before this one	El año anterior a este
热	熱	rè	hot	caliente / calor	今天很热。	It's hot today.	Hoy hace calor.	冷 (lěng) - cold（反义）	冷 (lěng) - frío (antónimo)	温度高	High in temperature	De temperatura alta
人	人	rén	person	persona	这里有很多人。	There are many people here.	Aquí hay mucha gente.			能制造工具并使用语言的动物	A being capable of tool use and language	Un ser capaz de usar herramientas y lenguaje
认识	認識	rèn shi	to know (someone)	conocer (a alguien)	我认识他。	I know him.	Lo conozco.	知道 (zhī dào) - to know	知道 (zhī dào) - saber	了解或熟悉某人某事	To know or be familiar with someone/something	Conocer o estar familiarizado con alguien o algo
日	日	rì	day; sun	día / sol	今天几月几日？	What's today's date?	¿A qué día estamos hoy?			时间单位一天，或指太阳	A day; also refers to the sun	Unidad de tiempo de un día; también se refiere al sol
三	三	sān	three	tres	我有三个朋友。	I have three friends.	Tengo tres amigos.			数字3	The number 3	El número 3
商店	商店	shāng diàn	shop	tienda	附近有一家商店。	There's a shop nearby.	Cerca hay una tienda.	店 (diàn) - shop	店 (diàn) - tienda	卖东西的地方	A place that sells goods	Un lugar donde se venden cosas
上	上	shàng	on; above	encima / sobre	书在桌子上。	The book is on the table.	El libro está sobre la mesa.	下 (xià) - under（反义）	下 (xià) - debajo (antónimo)	位置在高处或前面	A position that is higher or earlier	Una posición más alta o anterior
上班	上班	shàng bān	to go to work	ir a trabajar	我九点上班。	I start work at nine.	Empiezo a trabajar a las nueve.	工作 (gōng zuò) - to work	工作 (gōng zuò) - trabajar	按时到工作单位工作	To go to one's workplace to start work	Ir puntualmente al lugar de trabajo
上课	上課	shàng kè	to attend class	asistir a clase	我们八点上课。	Our class starts at eight.	Nuestra clase empieza a las ocho.	下课 (xià kè) - to finish class（反义）	下课 (xià kè) - terminar la clase (antónimo)	老师教学或学生听课	To teach or attend a class	Enseñar o asistir a una clase
上午	上午	shàng wǔ	morning	mañana (parte del día)	上午我有课。	I have class in the morning.	Por la mañana tengo clase.	早上 (zǎo shang) - morning	早上 (zǎo shang) - mañana	中午之前的时间段	The time before noon	El periodo antes del mediodía
上学	上學	shàng xué	to go to school	ir al colegio	他每天走路上学。	He walks to school every day.	Él va al colegio andando todos los días.			到学校学习	To go to school to study	Ir a la escuela a estudiar
少	少	shǎo	little; few	poco	这里的人很少。	There are few people here.	Aquí hay poca gente.	多 (duō) - much（反义）	多 (duō) - mucho (antónimo)	数量小	A small quantity	Una cantidad pequeña
谁	誰	shéi	who	quién	他是谁？	Who is he?	¿Quién es él?			用于询问人	Used to ask about a person	Se usa para preguntar por una persona
什么	什麼	shén me	what	qué	你叫什么名字？	What is your name?	¿Cómo te llamas?			用于询问事物	Used to ask about a thing	Se usa para preguntar por algo
生病	生病	shēng bìng	to fall ill	enfermar	他生病了。	He fell ill.	Él cayó enfermo.	病 (bìng) - illness	病 (bìng) - enfermedad	身体出现疾病	To become sick	Contraer una enfermedad
十	十	shí	ten	diez	现在十点了。	It's ten o'clock.	Ya son las diez.			数字10	The number 10	El número 10
时候	時候	shí hou	moment; time	momento	现在是吃饭的时候。	Now is the time to eat.	Ahora es el momento de comer.	时间 (shí jiān) - time	时间 (shí jiān) - tiempo	某一段时间或某一时刻	A certain period or moment in time	Un periodo o momento determinado
时间	時間	shí jiān	time	tiempo	我没有时间。	I don't have time.	No tengo tiempo.			事物存在和发展的过程	The dimension in which events occur	La dimensión en la que ocurren los sucesos
事	事	shì	matter	asunto	我有点事。	I have something to attend to.	Tengo un asunto que atender.			事情，需要处理的情况	A matter or thing that needs attention	Un asunto o situación que requiere atención
是	是	shì	to be; yes	ser / sí	我是学生。	I am a student.	Soy estudiante.			表示判断或肯定	Used to make a statement or affirmation	Se usa para afirmar o hacer una declaración
手机	手機	shǒu jī	mobile phone	móvil (teléfono)	我的手机是新的。	My phone is new.	Mi móvil es nuevo.			可以随身携带的电话	A portable telephone	Un teléfono que se puede llevar encima
书	書	shū	book	libro	这本书很好看。	This book is very good.	Este libro es muy bueno.			装订成册的著作	A bound written work	Una obra escrita encuadernada
书店	書店	shū diàn	bookstore	librería	我们去书店看看。	Let's go check out the bookstore.	Vamos a echar un vistazo a la librería.			卖书的商店	A shop that sells books	Una tienda que vende libros
水	水	shuǐ	water	agua	我想喝水。	I want to drink water.	Quiero beber agua.			一种无色透明的液体	A colorless transparent liquid	Un líquido incoloro y transparente
水果	水果	shuǐ guǒ	fruit	fruta	她喜欢吃水果。	She likes eating fruit.	A ella le gusta comer fruta.	苹果 (píng guǒ) - apple	苹果 (píng guǒ) - manzana	可以食用的植物果实	Edible fruit from plants	Fruto comestible de las plantas
睡	睡	shuì	to sleep	dormir	我很困，想睡了。	I'm sleepy, I want to sleep.	Tengo sueño, quiero dormir.	睡觉 (shuì jiào) - to sleep	睡觉 (shuì jiào) - dormir	进入睡眠状态	To enter a state of sleep	Entrar en estado de sueño
睡觉	睡覺	shuì jiào	to sleep	dormir	我晚上十点睡觉。	I go to sleep at ten at night.	Me acuesto a las diez de la noche.	睡 (shuì) - to sleep	睡 (shuì) - dormir	进入睡眠状态	To enter a state of sleep	Entrar en estado de sueño
说	說	shuō	to speak	hablar	他说汉语说得很好。	He speaks Chinese very well.	Él habla muy bien chino.			用语言表达意思	To express something with words	Expresar algo con palabras
说话	說話	shuō huà	to talk	hablar / conversar	请不要大声说话。	Please don't talk loudly.	Por favor, no hables tan alto.	说 (shuō) - to speak	说 (shuō) - hablar	用语言交流	To communicate using language	Comunicarse mediante el lenguaje
四	四	sì	four	cuatro	现在四点了。	It's four o'clock.	Ya son las cuatro.			数字4	The number 4	El número 4
岁	歲	suì	years old	años (de edad)	我今年二十岁。	I'm twenty years old this year.	Este año cumplo veinte años.	年龄 (nián líng) - age	年龄 (nián líng) - edad	用于表示年龄	Used to indicate age	Se usa para indicar la edad
他	他	tā	he	él	他是我的老师。	He is my teacher.	Él es mi profesor.			指男性第三人称	Third-person pronoun for a male	Pronombre de tercera persona masculino
它	它	tā	it	ello (cosa/animal)	它是一只猫。	It is a cat.	Es un gato.			指非人事物的第三人称	Third-person pronoun for non-human things	Pronombre de tercera persona para cosas o animales
她	她	tā	she	ella	她是我的朋友。	She is my friend.	Ella es mi amiga.			指女性第三人称	Third-person pronoun for a female	Pronombre de tercera persona femenino
他们	他們	tā men	they	ellos	他们是学生。	They are students.	Ellos son estudiantes.			指多个人（男性或混合）	Third-person plural pronoun (male/mixed)	Pronombre de tercera persona plural (masculino/mixto)
它们	它們	tā men	they (things)	ellos (cosas)	它们是我的书。	They are my books.	Son mis libros.			指多个非人事物	Third-person plural pronoun for non-human things	Pronombre de tercera persona plural para cosas
她们	她們	tā men	they (females)	ellas	她们是我的同学。	They are my classmates.	Ellas son mis compañeras de clase.			指多个女性	Third-person plural pronoun for females	Pronombre de tercera persona plural femenino
太	太	tài	too; extremely	demasiado	今天太热了。	It's too hot today.	Hoy hace demasiado calor.			表示程度过分	Indicates an excessive degree	Indica un grado excesivo
天	天	tiān	day; sky	día / cielo	今天天气很好。	The weather is nice today.	Hoy hace muy buen tiempo.			时间单位一天，或指天空	A day; also refers to the sky	Unidad de tiempo de un día; también se refiere al cielo
天气	天氣	tiān qì	weather	tiempo (meteorológico)	今天天气怎么样？	How's the weather today?	¿Qué tal el tiempo hoy?			大气的冷热、阴晴等状况	Atmospheric conditions like temperature and rain	Las condiciones atmosféricas, como temperatura o lluvia
听	聽	tīng	to listen	escuchar	我喜欢听音乐。	I like listening to music.	Me gusta escuchar música.	听见 (tīng jiàn) - to hear	听见 (tīng jiàn) - oír	用耳朵接收声音	To perceive sound with the ears	Percibir el sonido con los oídos
听见	聽見	tīng jiàn	to hear	oír	我听见你说话了。	I heard you talking.	Te oí hablar.	听 (tīng) - to listen	听 (tīng) - escuchar	用耳朵感觉到声音	To perceive sound with the ears	Percibir el sonido con los oídos
同学	同學	tóng xué	classmate	compañero/a de clase	他是我的同学。	He is my classmate.	Él es mi compañero de clase.	朋友 (péng you) - friend	朋友 (péng you) - amigo	一起学习的人	A person who studies together with you	Una persona que estudia junto a uno
外	外	wài	outside	fuera	他在外工作。	He works outside (away from home).	Él trabaja fuera (de casa).	外边 (wài bian) - outside（反义：里 lǐ）	外边 (wài bian) - fuera (antónimo: 里 lǐ)	某个范围之外	Beyond a certain boundary	Más allá de un límite determinado
外边	外邊	wài bian	outside	fuera / afuera	外边很冷。	It's cold outside.	Fuera hace frío.	外 (wài) - outside	外 (wài) - fuera	某个地方的外面	The outer part of a place	La parte exterior de un lugar
玩	玩	wán	to play	jugar	孩子们在公园玩。	The children are playing in the park.	Los niños juegan en el parque.	玩儿 (wánr) - to play	玩儿 (wánr) - jugar	做使自己快乐的事情	To do something for enjoyment	Hacer algo por diversión
晚	晚	wǎn	late; evening	tarde / noche	他来晚了。	He came late.	Llegó tarde.	晚上 (wǎn shang) - evening	晚上 (wǎn shang) - noche	时间靠后，或指夜晚	Later in time, or referring to night	Tarde en el tiempo, o referido a la noche
晚饭	晚飯	wǎn fàn	dinner	cena	我们七点吃晚饭。	We eat dinner at seven.	Cenamos a las siete.			晚上吃的饭	The meal eaten in the evening	La comida que se toma por la noche
晚上	晚上	wǎn shang	evening	noche	晚上我在家看书。	In the evening I read at home.	Por la noche leo en casa.	晚 (wǎn) - late	晚 (wǎn) - tarde	天黑以后的时间	The time after dark	El tiempo después de anochecer
喂	喂	wèi	hey; hello (phone)	oiga / diga (al teléfono)	喂，你好，请问是李老师吗？	Hello, is this Teacher Li?	¿Oiga, es usted el profesor Li?			打招呼或打电话时的用语	A greeting, especially used on the phone	Un saludo, especialmente usado al teléfono
问	問	wèn	to ask	preguntar	我想问一个问题。	I want to ask a question.	Quiero hacer una pregunta.			提出问题以求解答	To pose a question seeking an answer	Plantear una pregunta buscando una respuesta
问题	問題	wèn tí	question; problem	pregunta / problema	我有一个问题。	I have a question.	Tengo una pregunta.			需要解答或解决的事情	Something requiring an answer or solution	Algo que requiere una respuesta o solución
我	我	wǒ	I; me	yo	我是学生。	I am a student.	Soy estudiante.			指说话人自己	First-person pronoun referring to the speaker	Pronombre de primera persona, quien habla
我们	我們	wǒ men	we	nosotros	我们是朋友。	We are friends.	Somos amigos.			指说话人和其他人	First-person plural pronoun	Pronombre de primera persona en plural
五	五	wǔ	five	cinco	现在五点了。	It's five o'clock.	Ya son las cinco.			数字5	The number 5	El número 5
午饭	午飯	wǔ fàn	lunch	almuerzo	我们十二点吃午饭。	We eat lunch at twelve.	Almorzamos a las doce.			中午吃的饭	The meal eaten at noon	La comida que se toma al mediodía
喜欢	喜歡	xǐ huan	to like	gustar	我喜欢喝茶。	I like drinking tea.	Me gusta tomar té.	爱 (ài) - to love	爱 (ài) - amar	对人或事物有好感	To have a fondness for someone/something	Sentir agrado por alguien o algo
下	下	xià	under; next	debajo / próximo	书在桌子下。	The book is under the table.	El libro está debajo de la mesa.	上 (shàng) - on（反义）	上 (shàng) - encima (antónimo)	位置在低处，或指接下来	"A lower position, or ""next"""	"Una posición más baja, o ""el próximo"""
下班	下班	xià bān	to finish work	salir del trabajo	我六点下班。	I finish work at six.	Salgo del trabajo a las seis.	上班 (shàng bān) - to go to work（反义）	上班 (shàng bān) - ir a trabajar (antónimo)	结束一天的工作	To finish one's workday	Terminar la jornada laboral
下课	下課	xià kè	to finish class	terminar la clase	下课以后我们去吃饭。	After class, let's go eat.	Después de clase vamos a comer.	上课 (shàng kè) - to attend class（反义）	上课 (shàng kè) - asistir a clase (antónimo)	一节课结束	A class period ends	Termina un periodo de clase
下午	下午	xià wǔ	afternoon	tarde (parte del día)	下午我要上课。	I have class in the afternoon.	Por la tarde tengo clase.			中午之后到晚上之前	The time after noon and before evening	El tiempo después del mediodía y antes de la noche
下雨	下雨	xià yǔ	to rain	llover	今天下雨了。	It's raining today.	Hoy está lloviendo.			天空落下雨水	Rain falls from the sky	Cae lluvia del cielo
先生	先生	xiān sheng	Mister; sir	señor	这位先生是老师。	This gentleman is a teacher.	Este señor es profesor.	女士 (nǚ shì) - Ms.（反义）	女士 (nǚ shì) - señora (antónimo)	对男性的尊称	A polite term for a man	Un tratamiento respetuoso para un hombre
现在	現在	xiàn zài	now	ahora	现在几点了？	What time is it now?	¿Qué hora es ahora?			说话时的这个时刻	The present moment	El momento actual
想	想	xiǎng	to want; to think	querer / pensar	我想喝水。	I want to drink water.	Quiero beber agua.	觉得 (jué de) - to feel	觉得 (jué de) - sentir	希望做某事，或思考	To wish to do something, or to think	Desear hacer algo, o pensar
小	小	xiǎo	small	pequeño	这个杯子很小。	This cup is small.	Esta taza es pequeña.	大 (dà) - big（反义）	大 (dà) - grande (antónimo)	体积、面积等小于一般标准	Smaller than average in size	Menor que el tamaño habitual
小朋友	小朋友	xiǎo péng you	child	niño/a (pequeño)	小朋友们在玩游戏。	The children are playing games.	Los niños están jugando.	孩子 (hái zi) - child	孩子 (hái zi) - niño	对儿童的称呼	A term for a young child	Una forma de llamar a un niño pequeño
小时	小時	xiǎo shí	hour	hora	我睡了八个小时。	I slept for eight hours.	Dormí ocho horas.			时间单位，六十分钟	A unit of time equal to sixty minutes	Unidad de tiempo equivalente a sesenta minutos
小学	小學	xiǎo xué	primary school	escuela primaria	他在小学教书。	He teaches at a primary school.	Él da clases en una escuela primaria.			儿童接受初等教育的学校	A school for elementary education	Una escuela de educación primaria
小学生	小學生	xiǎo xué shēng	primary school student	estudiante de primaria	他是小学生。	He is a primary school student.	Él es estudiante de primaria.			在小学学习的学生	A student studying at primary school	Un estudiante que estudia en la escuela primaria
些	些	xiē	some	algunos/as	桌子上有一些书。	There are some books on the table.	Hay algunos libros sobre la mesa.	一些 (yì xiē) - some	一些 (yì xiē) - algunos	表示不确定的少量	Indicates an indefinite small amount	Indica una cantidad pequeña e indeterminada
写	寫	xiě	to write	escribir	她在写汉字。	She is writing Chinese characters.	Ella está escribiendo caracteres chinos.			用笔在纸上记录文字	To record words on paper with a pen	Registrar palabras en papel con un bolígrafo
谢谢	謝謝	xiè xie	thanks	gracias	谢谢你的帮助。	Thanks for your help.	Gracias por tu ayuda.			表示感谢	An expression of gratitude	Una expresión de agradecimiento
新	新	xīn	new	nuevo	我买了一个新手机。	I bought a new phone.	Compré un móvil nuevo.	旧 (jiù) - old（反义）	旧 (jiù) - viejo (antónimo)	刚出现或刚使用的	Recently made or used	Recién hecho o usado
星期	星期	xīng qī	week	semana	一个星期有七天。	A week has seven days.	Una semana tiene siete días.			时间单位，七天	A unit of time equal to seven days	Unidad de tiempo equivalente a siete días
星期日	星期日	xīng qī rì	Sunday	domingo	星期日我不上班。	I don't work on Sundays.	Los domingos no trabajo.	星期天 (xīng qī tiān) - Sunday	星期天 (xīng qī tiān) - domingo	一周的最后一天	The last day of the week	El último día de la semana
星期天	星期天	xīng qī tiān	Sunday	domingo	星期天我们去公园。	On Sunday we're going to the park.	El domingo vamos al parque.	星期日 (xīng qī rì) - Sunday	星期日 (xīng qī rì) - domingo	一周的最后一天，口语常用	The last day of the week, colloquial	El último día de la semana, coloquial
休息	休息	xiū xi	to rest	descansar	我今天要休息。	I want to rest today.	Hoy quiero descansar.			停止工作以恢复精力	To stop working to recover energy	Dejar de trabajar para recuperar energía
学	學	xué	to study	estudiar / aprender	他在学汉语。	He is learning Chinese.	Él está aprendiendo chino.	学习 (xué xí) - to study	学习 (xué xí) - estudiar	学习知识或技能	To acquire knowledge or skills	Adquirir conocimientos o habilidades
学生	學生	xué sheng	student	estudiante	她是一名学生。	She is a student.	Ella es estudiante.			在学校学习的人	A person studying at a school	Una persona que estudia en un centro educativo
学习	學習	xué xí	to study	estudiar	我每天学习汉语。	I study Chinese every day.	Estudio chino todos los días.	学 (xué) - to study	学 (xué) - estudiar	学习知识或技能的过程	The process of acquiring knowledge or skills	El proceso de adquirir conocimientos o habilidades
学校	學校	xué xiào	school	escuela / colegio	我们的学校很大。	Our school is very big.	Nuestra escuela es muy grande.			专门进行教育的机构	An institution dedicated to education	Una institución dedicada a la educación
雪	雪	xuě	snow	nieve	外边下雪了。	It's snowing outside.	Está nevando fuera.	雨 (yǔ) - rain	雨 (yǔ) - lluvia	天空落下的白色结晶	White crystals that fall from the sky	Cristales blancos que caen del cielo
要	要	yào	to want; must	querer / deber	我要一杯茶。	I want a cup of tea.	Quiero una taza de té.	想 (xiǎng) - to want	想 (xiǎng) - querer	希望得到或必须做	To wish to have, or must do something	Desear tener algo, o tener que hacer algo
也	也	yě	also; too	también	我也是学生。	I am also a student.	Yo también soy estudiante.	还 (hái) - also	还 (hái) - también	表示同样情况	Indicates the same applies	Indica que se aplica lo mismo
一	一	yī	one	uno	我有一本书。	I have one book.	Tengo un libro.			数字1	The number 1	El número 1
衣服	衣服	yī fu	clothes	ropa	这件衣服很漂亮。	This piece of clothing is very pretty.	Esta prenda es muy bonita.			穿在身上的东西	Something worn on the body	Algo que se lleva puesto en el cuerpo
医生	醫生	yī shēng	doctor	médico/a	我姐姐是医生。	My older sister is a doctor.	Mi hermana mayor es médica.	大夫 (dài fu) - doctor	大夫 (dài fu) - médico	给人看病的人	A person who treats the sick	Una persona que atiende a los enfermos
医院	醫院	yī yuàn	hospital	hospital	他在医院工作。	He works at a hospital.	Él trabaja en un hospital.			治疗病人的地方	A place for treating the sick	Un lugar para tratar a los enfermos
一半	一半	yí bàn	half	la mitad	他吃了一半的苹果。	He ate half of the apple.	Se comió la mitad de la manzana.	半 (bàn) - half	半 (bàn) - mitad	二分之一	One of two equal parts	Una de dos partes iguales
一下	一下	yí xià	briefly	un momento	请等一下。	Please wait a moment.	Espera un momento, por favor.			用于动词后表示动作短暂	Used after a verb to indicate a brief action	Se usa tras un verbo para indicar una acción breve
椅子	椅子	yǐ zi	chair	silla	请坐在椅子上。	Please sit on the chair.	Siéntate en la silla, por favor.	桌子 (zhuō zi) - table	桌子 (zhuō zi) - mesa	供人坐的家具	Furniture for sitting	Un mueble para sentarse
一点儿	一點兒	yì diǎnr	a bit	un poco	我有一点儿累。	I'm a bit tired.	Estoy un poco cansado.	有点儿 (yǒu diǎnr) - a bit	有点儿 (yǒu diǎnr) - un poco	表示很少的数量或程度	Indicates a small amount or degree	Indica una cantidad o grado pequeño
一些	一些	yì xiē	some	algunos	我买了一些水果。	I bought some fruit.	Compré algo de fruta.	些 (xiē) - some	些 (xiē) - algunos	表示不确定的少量	Indicates an indefinite small amount	Indica una cantidad pequeña e indeterminada
有	有	yǒu	to have	tener / haber	我有一本书。	I have a book.	Tengo un libro.	没有 (méi yǒu) - not have（反义）	没有 (méi yǒu) - no tener (antónimo)	表示拥有或存在	Indicates possession or existence	Indica posesión o existencia
有的	有的	yǒu de	some (of them)	algunos (de ellos)	学生有的在看书，有的在写字。	Some students are reading, some are writing.	Algunos estudiantes leen, otros escriben.	有些 (yǒu xiē) - some	有些 (yǒu xiē) - algunos	表示一部分	Refers to a part of a group	Se refiere a una parte de un grupo
有点儿	有點兒	yǒu diǎnr	a bit	un poco	今天有点儿冷。	It's a bit cold today.	Hoy hace un poco de frío.	一点儿 (yì diǎnr) - a bit	一点儿 (yì diǎnr) - un poco	用在形容词前表示程度轻微	Used before an adjective to indicate a slight degree	Se usa antes de un adjetivo para indicar un grado leve
有些	有些	yǒu xiē	some	algunos	有些人喜欢喝茶。	Some people like drinking tea.	A algunas personas les gusta tomar té.	有的 (yǒu de) - some	有的 (yǒu de) - algunos	表示一部分，或表示稍微	"Refers to a part, or ""somewhat"""	"Se refiere a una parte, o significa ""un poco"""
雨	雨	yǔ	rain	lluvia	外边正在下雨。	It's raining outside.	Fuera está lloviendo.	雪 (xuě) - snow	雪 (xuě) - nieve	从云中落下的水滴	Water drops falling from clouds	Gotas de agua que caen de las nubes
元	元	yuán	yuan (currency)	yuan (moneda)	这本书二十元。	This book costs twenty yuan.	Este libro cuesta veinte yuanes.	块 (kuài) - yuan	块 (kuài) - yuan	中国的货币单位	A unit of Chinese currency	Una unidad de la moneda china
月	月	yuè	month; moon	mes / luna	一年有十二个月。	A year has twelve months.	Un año tiene doce meses.			时间单位，也指月亮	A unit of time; also refers to the moon	Unidad de tiempo; también se refiere a la luna
再	再	zài	again	de nuevo	请再说一遍。	Please say it again.	Dilo otra vez, por favor.			表示动作重复	Indicates a repeated action	Indica que una acción se repite
在	在	zài	at; in; on	estar (en un lugar)	我在家。	I am at home.	Estoy en casa.			表示存在于某处	Indicates being present in a place	Indica que algo está presente en un lugar
再见	再見	zài jiàn	goodbye	adiós	老师，再见！	Goodbye, teacher!	¡Adiós, profesor!			分别时说的话	Words said when parting	Palabras que se dicen al despedirse
早	早	zǎo	early	temprano	他每天起得很早。	He gets up early every day.	Él se levanta muy temprano todos los días.	早上 (zǎo shang) - morning	早上 (zǎo shang) - mañana	比一般时间靠前	Earlier than usual	Antes de lo habitual
早饭	早飯	zǎo fàn	breakfast	desayuno	我七点吃早饭。	I eat breakfast at seven.	Desayuno a las siete.			早上吃的饭	The meal eaten in the morning	La comida que se toma por la mañana
早上	早上	zǎo shang	morning	mañana (temprano)	早上我喝牛奶。	In the morning I drink milk.	Por la mañana bebo leche.	上午 (shàng wǔ) - morning	上午 (shàng wǔ) - mañana	一天刚开始的时段	The beginning part of the day	La parte inicial del día
怎么	怎麼	zěn me	how	cómo	这个字怎么写？	How do you write this character?	¿Cómo se escribe este carácter?			用于询问方式或原因	Used to ask about a manner or reason	Se usa para preguntar por el modo o la razón
怎么样	怎麼樣	zěn me yàng	how about	qué tal	今天天气怎么样？	How's the weather today?	¿Qué tal el tiempo hoy?			用于询问情况或征求意见	Used to ask about a situation or opinion	Se usa para preguntar por una situación u opinión
找	找	zhǎo	to look for	buscar	我在找我的手机。	I'm looking for my phone.	Estoy buscando mi móvil.			寻找想要得到的人或物	To search for a person or thing	Buscar a una persona o cosa que se desea encontrar
这	這	zhè	this	este/esta/esto	这是我的书。	This is my book.	Este es mi libro.	这个 (zhè ge) - this one	这个 (zhè ge) - este	指较近的事物	Refers to something nearby	Señala algo que está cerca
这边	這邊	zhè bian	here	por aquí	请到这边来。	Please come over here.	Ven por aquí, por favor.	这里 (zhè lǐ) - here	这里 (zhè lǐ) - aquí	指较近的方位	Refers to a nearby location	Señala una posición cercana
这个	這個	zhè ge	this one	este/esta (concreto)	这个多少钱？	How much is this one?	¿Cuánto cuesta este?	这 (zhè) - this	这 (zhè) - este	指较近的具体事物	A specific thing that is nearby	Un objeto concreto que está cerca
这里	這裡	zhè lǐ	here	aquí	我住在这里。	I live here.	Vivo aquí.	这儿 (zhèr) - here	这儿 (zhèr) - aquí	指较近的地点	A place that is nearby	Un lugar que está cerca
这儿	這兒	zhèr	here	aquí	他在这儿工作。	He works here.	Él trabaja aquí.	这里 (zhè lǐ) - here	这里 (zhè lǐ) - aquí	指较近的地点，口语常用	A place nearby, colloquial	Un lugar cercano, coloquial
这些	這些	zhè xiē	these	estos/estas	这些书都是我的。	These books are all mine.	Todos estos libros son míos.			指较近的多个事物	Refers to several nearby things	Señala varias cosas cercanas
真	真	zhēn	really	de verdad / realmente	这个电影真好看。	This movie is really good.	Esta película es realmente buena.	非常 (fēi cháng) - very	非常 (fēi cháng) - muy	表示确实如此	Indicates something is truly the case	Indica que algo es realmente así
正在	正在	zhèng zài	in the process of	estar (haciendo algo)	她正在写作业。	She is doing her homework.	Ella está haciendo los deberes.			表示动作正在进行	Indicates an action is ongoing	Indica que una acción está en curso
知道	知道	zhī dào	to know	saber	我知道这件事。	I know about this matter.	Sé lo de ese asunto.	认识 (rèn shi) - to know	认识 (rèn shi) - conocer	了解某个事实或情况	To be aware of a fact or situation	Ser consciente de un hecho o situación
只	隻	zhī	CL: animals	(clasificador para animales)	那只狗很可爱。	That dog is very cute.	Ese perro es muy simpático.			用于鸟兽等动物的量词	Measure word for birds and certain animals	Clasificador para aves y ciertos animales
中国	中國	zhōng guó	China	China	我来自中国。	I come from China.	Vengo de China.			位于亚洲的国家	A country located in Asia	Un país situado en Asia
中文	中文	zhōng wén	Chinese language	idioma chino	他会说中文。	He can speak Chinese.	Él sabe hablar chino.	汉语 (hàn yǔ) - Chinese	汉语 (hàn yǔ) - chino	汉族的语言文字	The Chinese language	La lengua y escritura chinas
中午	中午	zhōng wǔ	noon	mediodía	中午我们吃饭。	We eat at noon.	Comemos al mediodía.			白天正中的时候	The middle of the day	La mitad del día
中学	中學	zhōng xué	middle school	instituto (secundaria)	她在中学教书。	She teaches at a middle school.	Ella da clases en un instituto.			初中和高中阶段的学校	A school for secondary education	Una escuela de educación secundaria
中学生	中學生	zhōng xué shēng	middle school student	estudiante de secundaria	他是一名中学生。	He is a middle school student.	Él es estudiante de instituto.			在中学学习的学生	A student studying at a middle school	Un estudiante que estudia en secundaria
住	住	zhù	to live	vivir (residir)	他住在北京。	He lives in Beijing.	Él vive en Pekín.			在某处长期生活	To reside in a place	Residir en un lugar de forma continuada
桌子	桌子	zhuō zi	table	mesa	书在桌子上。	The book is on the table.	El libro está sobre la mesa.	椅子 (yǐ zi) - chair	椅子 (yǐ zi) - silla	供放东西或写字用的家具	Furniture used for placing things or writing	Un mueble para poner cosas o escribir
字	字	zì	character	carácter / palabra	这个字很难写。	This character is hard to write.	Este carácter es difícil de escribir.	汉字 (hàn zì) - Chinese character	汉字 (hàn zì) - carácter chino	记录语言的符号	A symbol used to record language	Un símbolo usado para registrar el lenguaje
昨天	昨天	zuó tiān	yesterday	ayer	昨天我很忙。	I was busy yesterday.	Ayer estuve muy ocupado.			今天的前一天	The day before today	El día anterior a hoy
坐	坐	zuò	to sit	sentarse	请坐。	Please sit down.	Siéntese, por favor.			使身体的重量落在椅子等物体上	To rest one's body weight on a seat	Apoyar el peso del cuerpo sobre una silla u objeto similar
做	做	zuò	to do; to make	hacer	他在做作业。	He is doing his homework.	Está haciendo los deberes.			从事某种活动或制作某物	To engage in an activity or make something	Realizar una actividad o fabricar algo
做饭	做飯	zuò fàn	to cook	cocinar	妈妈在做饭。	Mom is cooking.	Mamá está cocinando.	做菜 (zuò cài) - to cook	做菜 (zuò cài) - cocinar	准备和烹饪食物	To prepare and cook food	Preparar y cocinar comida
